,bihar,,,,,,,,
SN,title,organisation,ref_no,state,stage,status_update_date,company_name,bid_amount,result_bid_value
1,"Tender for Construction of balance work of Constable 4th grade family Qtr. 10B and Senior Officers Mess at Bihar Police Academy, Rajgir, District Nalanda, Bihar (Pkg. A)Civil, Electrical and Plumbing works.",engineering projects india limited,DLI/CON/685/492,bihar,AOC,08-12-2015,Raj Associates,140644387.1,140644384
2,CONSTRUCTION OF ROAD THROUGHT HOT MIX IN BRIJ BIHAR COLONY POLICE CHOWKI PARK H. NO 34 HARIPARVAT ZONE S. NO 87,directorate of local bodies,30-10-2018/NAGAR NIGAM/05-11-2018/22,bihar,Financial Bid Opening,05-12-2018,M/S KAILA DEVI CONSTRUCTIONS,1017503.2,990622
3,CONSTRUCTION OF ROAD FROM ASHYANA MORE AT JAWAHARLAL NEHRU MARG FLY OVER PILER NO 35 TO BMP 5 AND ARANYA BHWAN AT SHAHEED PIR ALI KHAN PATH PART II VIA BIHAR POLICE BUILDING CONSTRUCTION OFFICE FOR THE YEAR 2017- 18,road construction department,RCD/NCD/RE-03/2017-18,bihar,AOC,04-04-2018,Sincon Infrastructure Pvt. Ltd,15,15
4,Renewal of Mahuli Police chauki to Bihar Border link road,chief engineer pwd varanasi zone,3133/3A Date 18-03-2023,bihar,AOC,28-06-2023,DINESH CHANDRA MISHRA,2594979.2,2594979.2
5,"ZONE- 1 WARD NO. 87 BRIDGE, REPAIR AND DYEING OF THE PARK LOCATED NEAR THE POLICE POST IN BIHAR.",directorate of local bodies,14-07-2022/NAGAR NIGAM/20-07-2022/44,bihar,Financial Bid Opening,27-07-2022,nemichand and company,133452,133452
6,"Construction of one Temporary Guard Room for Jawans at Hqr- 215 Bn, CRPF, Police Lines, Malaypur, Jamui ( Bihar )- 811313",national security guard,L.VIII-01-2019-20-Q-ACALWEMS-1,bihar,Financial Evaluation,28-02-2021,MUSKAN SALE & SERVICE,687089.16,680605.4
7,"Construction of one Temporary Guard Room for Jawans at Hqr- 215 Bn, CRPF, Police Lines, Malaypur, Jamui ( Bihar )- 811313",national security guard,L.VIII-01-19-20-Q-ACALWEMS-2,bihar,Financial Evaluation,28-02-2021,MUSKAN SALE & SERVICE,688709.67,680605.4
8,ARM OF NON RESIDENTIAL BUILDING CIVIL AND ELECTRICALS MAINTENANCE FOR THE YEAR 2020 21 AT BHQ OF 48BN ITB POLICE KATIHAR BIHAR,national security guard,itbp/48bn/pnr/381,bihar,Financial Bid Opening,12-01-2021,SAH ENTERPRISE,352925,277714.5
9,ARM OF RESIDENTIAL QTRS CIVIL and ELECTRICAL MAINTENANCE FOR THE YEAR 2020- 21 AT bhq of 48th bn itb police katihar bihar,national security guard,ITBP/48BN/PNR/ARM/380,bihar,Financial Bid Opening,12-01-2021,SAH ENTERPRISE,249655,205747
10,Police Chowki To Karpatti,pradhan mantri gram sadak yojana,MMGSY-19-BETTIAH-174,bihar,Financial Bid Opening,26-07-2019,PRAMOD KUMAR YADAV,6222007.88,6222008
11,CONSTRUCTION OF POLICE STATION BUILDING WITH ELECTRIFICATION WORK AT TARARI POLICE STATION IN THE DISTRICT OF BHOJPUR,bihar police building construction corporation,60/2015/BPBCC,bihar,AOC,03-09-2015,MD. HAZRAT BELAL,346000,346000
12,prison van police vehicles,bihar home department bihar phq bihar state police a voyage of excellence,GEM/2022/B/2030484,bihar,AOC,24-03-2022,TATA MOTORS LIMITED,3917200,3917200
13,prison van police vehicles,bihar home department bihar phq bihar state police a voyage of excellence,GEM/2022/B/2028927,bihar,AOC,21-03-2022,TATA MOTORS LIMITED,17627400,17627400
14,prison van police vehicles,bihar home department bihar phq bihar state police a voyage of excellence,GEM/2021/B/1775467,bihar,AOC,27-12-2021,VE COMMERCIAL VEHICLES LIMITED,18480000,18480000
15,prison van police vehicles,bihar home department bihar phq bihar state police a voyage of excellence,GEM/2021/B/1775296,bihar,AOC,27-12-2021,VE COMMERCIAL VEHICLES LIMITED,22176000,22176000
16,troop carrier police vehicles,bihar home department bihar phq bihar state police a voyage of excellence,GEM/2021/B/1745443,bihar,AOC,19-12-2021,TATA MOTORS LIMITED,3154934,3154934
17,troop carrier police vehicles,bihar home department bihar phq bihar state police a voyage of excellence,GEM/2021/B/1745338,bihar,AOC,18-12-2021,TATA MOTORS LIMITED,7762325,7762325
18,P/ R to NH 59 Bima Nagar Police Reserve Ground Srikhetra Bihar Road ODR from 0. 0 to 3. 250 km for 2016- 17,eic civil,E.E.R and B-Divn. No.I-BAM-No.28 /2015-16,bihar,Technical Bid Opening,25-02-2016,BABULA SETHI,4688744,4399553
19,Prison Van Police Vehicles ( V2 ),home department bihar bihar state police a voyage of excellence phq,"GEM/2024/B/5702758, GEM/2025/R/449826",bihar,AOC,14-02-2025,SML ISUZU LIMITED,72240000,72156000
20,Type F Police Station at Hazipur,department of home,21/2019-20,bihar,Cancelled,26-10-2023,HARKAWAL SINGH GILL,9241317.42,9241317
21,"Supply of Police Trouser, Shirt, and Dangri",national security guard,ITBPSSBnDepoC.Items(81)2016,bihar,Financial Bid Opening,16-05-2016,JIT SINGH ANAND AND SONS,2327885,1975050
22,Repair of Dy. Suptd of Police Barkagaon,national thermal power corporation,4600038725,bihar,AOC,13-04-2016,BHU VISHTHAPIT SEWA PARIWAHAN,1045180.13,1045180.1
23,Repair of Dy. Suptd of Police Barkagaon,national thermal power corporation,4600036227,bihar,AOC,28-11-2015,PANKARI BARWADIH ADHYOGIC,103598.14,103598.14
24,"ITB Police ARM Badge, ITB Police shoulder badge, Pagri Complete, Scarf and Kamar bandh complete for IT",central armed police forces,GEM/2021/B/1215438,bihar,AOC,02-06-2021,SHRI FAUJI TRADERS,95425,95425
25,Lighting Box ( Flasher For Police Vehicles )- IS: 10322,national disaster response force,GEM/2022/RA/97626,bihar,AOC,15-01-2022,DURATONE INDIA,94000,94000
26,Mahadah Police Line To Paraya Dera Tak,pradhan mantri gram sadak yojana,MMGSY-19-BUXAR-46,bihar,Financial Bid Opening,08-11-2019,SUSHILA ENGINEERING ENGINEERS & CONTRACTORS,9644104.18,9644104
27,"Gulal Kund, Sardar Basti, Surajpole Saini Mohalla, Rajendra Nagar, Brij Bihar, Pushvatika, Sanjay Nagar, Radha Swami Satsang Bhawan, Mathura Gate Near Police Station",deparment of local bodies,Nit (21/2019-20) Municipal Corporation Bharatpur,bihar,Financial Bid Opening,09-10-2019,DANDOTIYA CONSTRUCTION CO,2292550.59,2292550.5
28,Result For Prison Van Police Vehicles ( V2 ) ( Q1 ),home department bihar bihar state police a voyage of excellence phq,"GEM/2025/B/5933156, GEM/2025/R/470414",bihar,AOC,24-03-2025,SML ISUZU LIMITED,21758220,21758220
29,SITC AUTOMATION SYSTEM AT CP DIG POLICE PATNA,bihar state office,IOCL/BHSO/PDO/22-23/AUT/LT/01,bihar,Technical Bid Opening,28-10-2022,ORPAK SYSTEMS INDIA PVT. LTD,570595.47,570595.5
30,Construction work of reception room in police station Kishanganj,public works department,EE PWD DIV SHAHBAD NIT-04-2020-21,bihar,Financial Bid Opening,05-11-2020,M/s Tyagi Construction Co,710456.05,710456.06
31,Upgradation of boundary wall at Border Police Post Chakra,dgp jk,e-NIT/EE-PCD/PHQ/26/2018-19,bihar,Financial Bid Opening,27-07-2018,M/S DEEPAK KUMAR GUPTA,487500.26,450479.8
32,raising of height of boundary wall at Police Station Ramgarh,dgp jk,e-NIT/EE-PCD/PHQ/05/2018-19,bihar,Financial Bid Opening,21-06-2018,SAHIL MAHAJAN,2497456.54,1778769.6
33,"Construction of Mora Coastal Police Station at Uran, Dist.Raigad",public works region,AD/AB/TC/ 9582/2016 e-Ten Notice No.19 (16-17) 1/2,bihar,AOC,27-01-2017,M/s. B.R. Thakur,6515602,6515602
34,Renovation of Jamalpur Police Station Police Barracks and Construction of New Female Lockup under Burdwan Division PWD in the District of Burdwan during the year 2014_2015_2nd CALL,public works department,WBPWD/EE/BND/NIT-04/2014-15,bihar,AOC,20-08-2014,M/S Sale Supply Bureau,2007220,2007220
35,"Development of New A site KSK within 4 KM from Sonahatu Police Station towards Silli, at Mouja- Sonahatu, Block- Sonahatu, Dist- Ranchi under Ranchi Divisional Office of Bihar State Office",eastern region office,RCC/ERO/37/2020-21/LT-221,jharkhand,Technical Bid Opening,27-02-2021,PROGRESSIVE SYNDICATE,5227057.16,3713698
36,"Development of New A Site Retail Outlet at Manjhauli, Block Panki, Dist Palaumu within 3 KM from Panki Police Station towards Balumath under Ranchi Divisional Office of Bihar State Office",eastern region office,RCC/ERO/37/2020-21/LT-205,bihar,AOC,25-02-2021,PROGRESSIVE SYNDICATE,10918275.12,10378427
37,Construction of HL RCC Bridge from sahiyara police station to katahichamartola,pradhan mantri gram sadak yojana,STATE SCHEME(NAB)-23-SITAMARHI-52,bihar,Financial Bid Opening,25-10-2023,Ms Maa Bindyavashini Construction,39077840.3,39034856
38,Procurement of VMS for CCTV based Police Station Surveillance Patna,bihar state electronics development corporation limited,GEM/2023/B/3575142,bihar,Financial Evaluation,30-06-2023,BAXY LIMITED,51400800,46728000
39,CONSTRUCTION OF FLOOR TILES AND INTERLOKING LAYING IN POLICE CHOUKI AKBARPUR,directorate of local bodies,17_SFC_2_2020,bihar,Financial Evaluation,28-01-2021,M/S KAMAL COSTRUCTION COMPANY,410754,402700
40,Development of new A site RO at Location Within 3 km on From Arrer Police Station towards Rahika on Rahika Benipatti Road. Dist Madhubani under Muzaffarpur Divisional Office of Bihar State Office,eastern region office,RCC/ERO/37/2024-25/LT-89,bihar,Financial Bid Opening,15-11-2024,Biswas And Sons,14161909.41,10326258
41,Chainlink fencing near Narari Kala Police Station and chainlink fencing,national thermal power corporation,NTPC/USSC-CPG2/9900253407,bihar,Financial Evaluation,27-02-2023,Prithvi Associates,3854334.12,3489520.5
42,Construction of community toilet complex in Chakiya Police Station atNTPC Barauni,national thermal power corporation,NTPC/USSC-CPG2/9900236636,bihar,Technical Bid Opening,28-03-2022,RUPAK KUMAR,1421194.61,996612.75
43,Construction of Meeting Room and Toilet at Aliganj Police Station underCD work.,national thermal power corporation,NTPC/Tanda TPS/9900217999,bihar,Financial Bid Opening,21-04-2021,M/S R.K. SINGH CONSTRUCTION CO,3369720.91,2514070
44,Construction of Police Station near Main Entrance Gate at AIIMS Patna,all india institute of medical sciences patna,AIIMSP/SE/2020-21/PS/18467,bihar,Financial Bid Opening,27-11-2020,Suman Industries Pvt. Ltd,3153385.8,2645945.8
45,Construction of Compound Wall to Avoid enchrochment near police station in sangrampur,directorate of municipal administration,NIT01/2017-18/PWD/NPS,bihar,AOC,01-06-2017,President Late Panjabrao Jadhao MKSS Aregaon,1478632,1478632
46,Construction of Compound Wall to Avoid enchrochment near police station in sangrampur,directorate of municipal administration,NIT01/2016-17/PWD/NPS,bihar,Technical Evaluation,15-04-2017,Sandeep Arun Dande,0,
47,"Work of construction of 01 no. Police Station (Thana) building, development works such as internal roads, drains, boundary wall etc. and 01 no. III-Type quarter in the premises of Police Station, Obra.",up rajya vidyut utpadan nigam limited,03/SE-OCCCC-II/OCCCD-IV/18-19,bihar,Financial Bid Opening,25-05-2018,K.N. INTERNATIONAL LTD,31129785.4,31129786
48,Result For Renewal work with General Repair of Ben Dharauli Nahar to Eliya Naxal Thana Bazar hote hue Eliya Naxal Police chauki hote hue Bihar Border tak Road in Km 1 to 3,chief engineer pwd varanasi zone,EE Ref No. 13/4A Dt 02.01.2025,bihar,AOC,25-02-2025,mahaveer construction,3182423.99,3116066
49,Complete renovation of repair of old police barrack at Nigha under Satgram Sripur Area,eastern coalfields limited,ECL/SSA/GM/AE(C)/e-T/23-24/824 Date.13.02.2024,bihar,Cancelled,26-03-2024,K G N ENTERPRISE,850362.84,850362.8
50,"S/ R to Police A. S. I. Qtr., Patna for the year 2023- 24.",ce rw i,NCB 16 OF 2023-24,bihar,AOC,16-03-2024,SANYASI KUMAR GHADEI,215914.18,215914
51,POLICE KENDRA ARWAL TO ARWAL JAHANABAD NH- 110 ROAD UNDER MR- 3054,pradhan mantri gram sadak yojana,MR-18-ARWAL-02,bihar,Financial Bid Opening,01-10-2018,Systemetic and Advance Construction Pvt. Ltd,11984890.01,11984890
52,"Developing a drinking water supply system near police shivir, Simaria Ghat",barauni refinery,BCCC153337,bihar,AOC,02-03-2016,CHANDRACHUR PRASAD SINGH,304812.67,304812.66
53,Result For Fire Arms Training Simulator ( FATS ) ( 06 lanes ) ( Delhi Police ) ( Q3 ),home department bihar bihar state police a voyage of excellence phq,"GEM/2024/B/5620360, GEM/2025/R/469536",bihar,AOC,24-03-2025,ZEN TECHNOLOGIES LIMITED,9800000,9800000
54,"P/ F Dustbin/ Benches Near Police Officer Society, Yari Road, Versova",maharashtra housing and area development authority,EE/West/MSIB / e-tender / DDR /124 / 2023-24,bihar,Financial Bid Opening,24-11-2023,VIKAS CO-OP. L.S.Ltd,1697951.08,1686483
55,Construction of Remaining Portion of F Type Police Station Building at Hazipur District Hoshiarpur.,department of home,15/2021-22,bihar,AOC,26-10-2021,EXPERTECH CONSULTANTS,9957513.76,9957514
56,Making RCC shed in Front of Campus of Pandeswar Police Station under S B Area,eastern coalfields limited,GM/SBA/CE/e-Tender/18-19/2768 Dated 03.12.2018,bihar,AOC,15-02-2019,CHATTARAJ CONSTRUCTION,637817.6,549077.75
57,EOI for the Licenseeship of Lavatory Block at the Eastern side of Police Holiday Home at New Digha,digha sankarpur development authority,EOI_011/DSDA/2016_2017,bihar,AOC,16-09-2016,Tapas Das,285000,285000
58,Macadamization of Road from Bikram Chowk to Ware House Main Road opposite Nehru Police Post,public works department,Short e-NIT No. 08 of 2024-25 Dated 31-05-2024,bihar,Financial Evaluation,03-09-2024,TRB INFRATECH PVT. LTD,4643502.02,3649451.5
59,PC WORK ON POLICE LINE ROAD IN WARD 12 BAJRANG NAGAR NP AKBARPUR,directorate of local bodies,SFC_6,bihar,Financial Bid Opening,11-03-2024,M/s Javed Khan Contractor,531544.5,528900
60,REPAIR WORK OF GOVT BUILDING AT OLD POLICE STATION SIMARIYA DISTT. PANNA M. P.,mp police,1938,bihar,AOC,22-08-2023,ROOPVASANT,485000,485000
61,"Const. of Jogging Track and Beautification work Near Yari Road Police Colony, Andheri ( W )",maharashtra housing and area development authority,EE/West/MSIB / e-tender / DDR / 139 / 2022-23,bihar,Financial Bid Opening,30-12-2022,Jai Bhairi Bhawani Majoor Sahakari Sanstha Maryadit,1234012,1234012
62,"CONST. OF ROOM AT POLICE LINE BANJARI SCHOOL, NEHRU NAGAR WARD- 29, ZONE- 18.",directorate urban administration and development,2019203416,bihar,AOC,15-11-2019,YADAV CONSTRUCTIONS,181759.6,176540.77
63,"Construction of Standard Police Station Building Type- H at Lakho Ke Behram, Distt. Ferozepur.",department of home,02/2019-20,bihar,AOC,30-07-2019,M/S LOVNEESH JINDAL,21348492,21348492
64,Making of Temporary Hall and allied civil work in Police Station of Rajnagar RO at Hasdeo Area.,south eastern coalfields limited,GM/HSD/C/e-Tender/17-18/145 Date 30/12/2017,bihar,AOC,14-06-2018,BIRENDRA KUMAR SINGH,832714.85,793054.75
65,"Repair to Police Station Building, Islampur under Uttar Dinajpur Division, PWD during the year 2016-2017.",public works department,WBPWD/EE/UDD/NIT-12/2016-17,bihar,AOC,23-11-2016,Mercury co operative labour contract and const socy  LTD,1011101,1011101
66,"Providing and laying of interlocking pavers Near Police out post and Health Center Baina, from Morya gada near Housing Board Colony and construction of drain from Police out post, Health Center Baina to Kamat Garage in ward no. 7 of Mormugao Municipal",municipal council,MMC/Tech/Tender Notice/2022-23/498/10,bihar,AOC,27-06-2023,SMRUTI CONSTRUCTION,1603126.24,1603126.2
67,"Beautification work of the pond for Chhath Puja behind the police station in Ward No. 13, Kopa Kohna East.",directorate of local bodies,512/NPKOPAGANJMAU/2024-25,bihar,Financial Evaluation,08-04-2025,M/s SAAD AHMAD CONTRACTOR,8113878,8113878
68,"REPAIR AND MAINTENANCE OF PCC SADAR BAZAR ROAD FROM DEVANIA NALA BRIDGE TO POLICE STATION, DANAPUR CANTT",ministry of defence,CBD/JE/Road-Sadar Bazar/1,bihar,Financial Bid Opening,14-01-2025,KAMLESH SINGH,3330968.25,2783835
69,"CONSTRUCTION OF ROAD FROM THE H/ O SANKAR BISWAS TO POLICE FARI, SANSAD NO- X UNDER BELPUKUR G. P.",zilla parishad,WB/NAD/KGR2/BEL/09/2022-23 of 15th F.C,bihar,AOC,04-05-2023,SANTOSH KUMAR GHOSH,92178.34,92159.9
70,Construction of Drain From Police Station to Pachayat Dharmshala Prabhag 1 (2nd Call) at Telhara Dist Akola,directorate of municipal administration,E-Tender Notice No 2/2015-16,bihar,AOC,22-09-2015,PANKAJ SURESHRAO SARODE,764120,764120
71,"Development of new A site Retail Outlet within 1 KM from Banjariya Police Station towards Chhapwa- Motihari Station Road ( Not on NH ) at Plot No. 524, Khata No. 118, Mauza- Singhiya Hiban, PS- Banjariya, Dist- East Champaran, Bihar under MDO",bihar state office,BSO/ENGG/2024-25/LT-21,bihar,Financial Bid Opening,09-12-2024,Biswas And Sons,10316251.7,8241159
72,"Rampur Jamuniya,Sikitiya Purab Tola,Gauri Sri Ram Station,Jamuwan To Mishrauli Bihar Border via Pipra Uttar,Barwa Patti Police Station To Kanhi Tola,Dumahi Link Road,Dhokaraha To Gauri Shukla link Road Km.- 1",chief engineer gorakhpur zone pwd gorakhpur up,786/7A dated 03-05-2017,bihar,Financial Bid Opening,15-05-2017,SIPAHI LAL,450948.6,450948.6
73,"Making Temporary Barrack, Bathing Platform and Toilet at Tandwa Police station under Amrapali OCP, of A- C Area, CCL.",central coalfields limited,GMAC/SOC/eTender/21-22/215/912,bihar,AOC,08-05-2022,Naresh Yadav,3194738.94,2991313.2
74,Underground Cabling and Shifting of D.P. at Mali Colony Police Line Road Junction (J.C. Boss).(76/06),urban improvement trust udaipur,NIT_76_06,bihar,Financial Bid Opening,01-12-2015,BABEL BROTHERS,794675.38,659220.2
75,"Construction of R. C. C. Drain from Ekta Chowk to Sadar Police Station, Bhabua in ward No.- 7 and 13.",urban development and housing department,06/2013-14/DUDA/KAIMUR,bihar,AOC,22-02-2014,SANJAY KUMAR,94000,94000
76,"CONSTRUCTION OF STROM WATER DRAIN FROM KAMAT HOTEL TO POLICE QUARTER IN VIDDAYNAGAR SANJEVANI PRESS OPPOSITE, IN GULBARGA CITY",directorate of municipal administration,DMA/2011-12/RD/WORK_INDENT1477,bihar,Financial Evaluation,18-07-2011,GURUNATH BASAWANTRAYGOUDA,2192840.25,2192840.2
77,Installation work of 01 No. 7. 5 HP Tubewell Behind Ward No. 13 Mu0 Kopa Kohna Police Station.,directorate of local bodies,275/NpkopaganjMau/2024-25,bihar,AOC,16-11-2024,SRI UMASHANKAR,996507.77,996507.75
78,T02- PWD ROAD KASTOLI TO DALSINGHSARAI KAIDRABAD MALTI RCD ROAD VIA SOHILWAR VIA POLICE STATION ROAD,rural works department,BR04P3R32,bihar,AOC,13-03-2024,NISHANT KUMAR,76131146,76085464
79,CONSTRUCTION OF RCC NALI OLD POLICE STATION TO ARJUN CHOURSIYA HOUSE WARD NO 12 AND 13 NAGAR PRISHAD BAIKUNTHPUR,directorate urban administration and development,940 Baokunthpur dated 13-11-2019,bihar,Cancelled,16-07-2023,MP CONSTRUCTION,677619.89,617116.75
80,"Providing and Laying Drainage Line and Fixing Ladikaran at Kasar Vaal, Khadilkar Road, Girgaon and Tardeo Police Colony No., Tardeo",maharashtra housing and area development authority,EE/City/MSIB / e-tender/Labour Soc. / 12 / 2023-24,bihar,Financial Bid Opening,22-05-2023,Pran Majoor Sahakari Sanstha Maryadit,826623.84,821934.56
81,construction of nali in front of police chowki to truck body maker to eid gaah road from mela gughal at ward no. 66,saharanpur municipal corporation saharanpur up,3488 B,bihar,AOC,27-09-2019,K F Traders,425303,425303
82,Demolition of Police station ( thana ) Obra situated in Sector 7of OTPS for the proposed site of Obra C extension project.,up rajya vidyut utpadan nigam limited,72/SECivil/OCCMD-II/2017-18,bihar,Financial Bid Opening,03-09-2018,M/s Super Painting Decorators,637649.3,637649.3
83,Construction of C.C. Drain with Footpath on Police Station-Mohanlal Chowk-Union Bank Road At Tirora Dist. Gondia,directorate of municipal administration,NPT/PWD/02/2016-17,bihar,AOC,20-06-2016,Komal N. Katare,9273879,9273879
84,"Construction of C. C. Road at Hanuman Tekari Gate to Police Colony Near Jhansi Road, Ward No. 58, Zone No. 13",directorate urban administration and development,MPGMC/74/20x3/6/Jan/2020-21,bihar,AOC,06-10-2020,NANDAN MUKHARIYA,910801.98,807641.1
85,Ward No- 09 Moh. Ragarganj me ( Pachami patari ) Police Adhishakh Awas se Satguru/ Barat Ghar tak Nala Nirman Karya.,directorate of local bodies,1988/nppa/2022-23 (Nirman) Date-10-03-2023,bihar,Financial Evaluation,29-03-2023,SHAKEEL AHMAD,2724107.3,2709943.5
86,"Construction of Road from Sudarshan Path to Shershah Path Sadikpur Police Choki Via Guljarbagh Hat, Dadar Mandi for the year 2018- 19.",road construction department,RCD/ 08/Patna City/2018-2019,bihar,AOC,20-08-2018,PATLIPUTRA CONSTRUCTION,15726528,350000
87,"60 CC construction work from Haridutt Sharma house to Shri Banke Bihari Degree College in Garhi police station, an undertaking of Gram Panchayat Muzaffarpur.",panchayati raj department,4197/NI ANUBHAG/ZPA DATE - 13.01.2025,bihar,Financial Bid Opening,12-02-2025,Maa Kamkhaya Devi Contractors,1751392.45,1751392.5
88,Construction of drain from Late Bhupesh Kanti Deb house to the Police Colony End and One Drainage work in front of Jonty Mahato house in ward no 2,municipal affairs department,WBMAD/JM/CH/eNIT-64/2023-24,bihar,AOC,24-08-2024,GOLDEN VALLEY CONSTRUCTION COMPANY,1016061.41,1014023
89,Repairing maintenance and extension of 220V overhead line for 12 No 19 No and near Bhowra Police Station for safe and frequent lighting purpose at Bhowra North Colliery.,bharat coking coal limited,BCCL/EJA/ENM/E Tender/2023-24/125,bihar,Financial Evaluation,13-10-2023,M/S BHAGAT ENTERPRISES,208366,208366
90,NH- 77 Dadar Transformer Se Police Line REO Road Tak Via Dadar Pasi Tola Harpur Lauhri Chauk Hote Huye,pradhan mantri gram sadak yojana,MMGSY-20-MUZAFFARPUR WEST-04,bihar,Financial Bid Opening,09-06-2020,MD MOAZZAM,3548583.05,3513235.2
91,"Renovation of community hall including flooring, plastering, painting, grit washing, sanitary fittings, etc. at Kanti Nagar near Krishna Nagar Police Station.",delhi development authority,10 /EE/ED-9/DDA/2019-20,bihar,Financial Bid Opening,09-07-2019,M/S Bharat Nagpal,1060062.93,602593.8
92,"Construction of a Ladies toilet for on duty female Police Personnel  at Islampur Court Complex, Islampur under Uttar Dinajpur Division, PWD during the year 2015-2016",public works department,WBPWD/EE/UDD/NIT-12/2015-16,bihar,AOC,18-11-2015,SAMSUL HAQUE,424260,424260
93,Hiring of 01 No. Diesel Covered Jeep with MP Permit for 24hrs/ day basis for period of 730 days in Morwa thana for patrolling of police at jhingurda project.,northern coalfields limited,JRD/EM/T/2015-16/403  DATED 29.08.2015,bihar,Financial Bid Opening,20-10-2015,HR ENTERPRISES,820155,820155
94,Construction work of boundary wall of Jamlapur Pump House of Ward No. 23 and construction of drain on one side from Sukhrams house to Lotan Imli police post.,directorate of local bodies,1398/2024,bihar,Financial Bid Opening,26-02-2024,M/S MOHD ARIF,977022,977022
95,Cleaning and Sweeping of coal transportation road from Rly. siding morwa via Shukla more to purewa nallah and gorbi market culvert to police chowki at Block B Project.,northern coalfields limited,NCL/CIVIL/BLB/22-23/ETN/37,bihar,AOC,02-03-2023,JAISWAL ENTERPRISES,3602181.76,3000168.2
96,"Installation of Iron, Bacteria, arsenic free Deep- tubewell ( Sajaldhara ) near the house of Brindabon Biswas at Bhagabanpur Police camp at Joyghata Gram Panchayat, Krishnaganj Block",zilla parishad,03/KNJ/PS-e-Tender of 2021-22,bihar,AOC,24-05-2022,M/S UPANANDA SARKAR,1165410,1165410
97,Providing Paved Shoulder both side of Balurghat Police Station to Raghunathpur Tank more Road via Chakbhabani crematorium from 1.00 kmp to 2.23 kmp during the year 2014 2015.,public works department,WBPWD/SE/NC/NIT_19/2014-2015,bihar,AOC,03-03-2015,C. R. SEN,16041392,16041392
98,CONSTRUCTION OF DRAIN FROM THE ENTRY GATE OF JHANTIPAHARI POLICE STATION TO LIBRARY AT MOUZA JHANTIPAHARI JL NO 146 UNDER ARRAH GRAM PANCHAYAT UNDER XV FINANCE COMMISSION DURING THE YEAR 2022 2023,zilla parishad,E NIT16,bihar,AOC,16-01-2023,TAPAS RAKSHIT,186764.92,186727.47
99,T02- PWD ROAD KASTOLI TO DALSINGHSARAI KAIDRABAD MALTI RCD ROAD VIA SOHILWAR VIA POLICE STATION ROAD Construction of RCC BOX Bridge At ch 2 100,national rural roads development agency,BR04P3R45,bihar,Financial Bid Opening,27-05-2025,NISHANT KUMAR,17455797.8,17443578
100,Ward No. 23 from Khudaipura chauraha to railway crossing via Lotan Tamarind police post interlocking on the track repair of drain and construction of slab on the drain as per requirement.,directorate of local bodies,1543/2021-22,bihar,Financial Bid Opening,05-01-2022,M/S BABA SHIVPOOJAN ENTERPRISES,3399660.5,3397620.5
101,Improvement of damaged streets and approach road in police station side in Kanti Nagar West in Gandhi Nagar Constituency. AC- 61 ( Regn. No 1553 ) including maintenance for 5 years.,irrigation and flood control,133/NIT/EE/CD-IV/IFC/2018-19,bihar,Financial Bid Opening,30-01-2019,PRAVEEN KUMAR,11846311.42,8600517
102,"Repairs to flooring,plaster,roofing and water supply,doors,windows of lakadipool,namakganj,badkas chowk and garudkhamb,sadar police qtrs and rajnagar transit qtrs at nagpur (2nd call)",public works region,pwc/ngp/div1/36-16/2017-18,bihar,AOC,21-11-2017,Me. D. G. Parwate,1695816,1695816
103,Construction of Concrete Pavement road from Kshanika Ghat road to Police Holiday Home road via Tantuja at Mini Holiday Home Sector at New Digha under Digha Sankarpur Development Authority,digha sankarpur development authority,E_019/DSDA/2017_2018,bihar,AOC,12-10-2017,PHALGUNI JANA,7569627.33,7569627.5
104,"Refilling of fire extinguisher at pwd premises, commissioner office, administrative  building  at nagpur. and cid office, ashray building , detention camp and other office building  at police line  takali, rajnagar sankul , nagpur.",public works region,pwc/ngp/div1/30-15/2017-18,bihar,AOC,18-11-2017,GURU MAULI SAFETY AND FIRE,219780,219780
105,"Fitting of paver block from house of ikubailaim to house of jagdish gupta, police station to Tiwari house, pravin rode to amol jadhao, Tiwari dp to brahmaji gupta and Deepak dethe to gajanan bhalewad in prabhag no. 9 at NP ARNI",directorate of municipal administration,E-Tender/2022-23/1,bihar,AOC,28-02-2023,Sagar Gajananrao Ghoderao,519937.79,705096
106,"Work- 36, ward 40, me Sahibabad me saur urza marg par Railway police choki se Sahibabad depo avm Sahibabad depo se Vasundhara red light tak RCC nale ka nirman karya",directorate of local bodies,185/Nirman/2021-2022 DT 13-09-2021,bihar,Financial Bid Opening,08-12-2021,PREM CONSTRUCTION,15741481.3,15741481
107,Periodical repair of the road from AA road near Kumarghat Police station to the tea shop of Sri Ranjit Biswas towards FCI godown Total length 400 mtr during the year 2024 25 SH Soling metalling carpeting nnd RCC drain work etc,chief engineer pwd r and b,9/SEI/KGT/2024-25,bihar,AOC,05-11-2024,JAYANTA DAS,8897757.75,8474055
108,"Renewal with General Maintenance of NH-24 to Thiriya Khaital Rest House Road in km. 1(180), Balla Kotha to Badshah Nagar Road in km. 1(650), NH-24 to Fateyganj Police Thana Link Road in km. 1(425) AND NH-24 to Mathurapur Tiliyapur Perdhouli Bohit Roa",cheif engineer bareilly zone pwd bareilly,1775/E-Tender/17-18 Date 20/04/2017,bihar,AOC,21-05-2017,anantayashenterprises,954635,954635
109,"1 ) Duttapulia near H/ O Bimal Biswas M- II Tubewell, 2 ) Duttapulia Shib Mondir near H/ O Bidhan Biswas, 3 ) Duttapulia Swasan, 4 ) Duttapulia Police Fari 5 ) Duttapulia Khalpara Mondir beside of Culvert, 6 ) Duttapulia Kalachand Mondir Barowaritala. P- III",zilla parishad,05(04)/DGP/ GWM/SBM(G) / 2023-24,bihar,Financial Evaluation,22-11-2023,SHIB SHANKAR BISWAS,351828,347791.2
110,"1- Construction of PCC road and drain with cover from the house of Sanjeet Kumar to the house of Thakur Basant Kumar and PCC drain from Registry Kechehry road to near Musjid in ward no.- 13 2- Construction of PCC road and drain from the house of Shivji Chauhan to the house of Rajendra Ram Passing through the house of Vijay Srivastava advocate via the house of Manoj Singh and Vijay Thakur in ward no.- 14 3- Construction of PCC road, drain and slab from in front of the house of Anil Singh to the house of Anil Tiwari and from in front of the house of Jai Prakash Gupta to main road Police Quarter in ward no.- 15 4- Construction of PCC road and drain with cover from the house of Prabhawati Devi towards the house of Saroj Singh in 215 length in ward no.- 16 5- Construction of PCC road and drain from the house of Vaidya Virendra Upadhyay to the house of D N Singh in ward no.- 17",urban development and housing department,LETTER 962 DATED 20-06-2014,bihar,AOC,14-07-2014,Ramadhar Prasad,2469404.032,2469404
111,"Result For Drone and Counter Drone Systems, The Russia Ukraine War, Lessons Learnt, Indias Neighbourhood Challenges and, Opportunities, PLA Modernisation and Force Restructuring, The Contribution of Jubbulpore Mutiny to Indias Freedom Did, the INA also have a Role, Face off Analysis of Indias, Capabilities to fight a Two Front War, Military Leadership for, Tomorrow, Great Convergence Asia the West and the Logic, of one World, A Thousand Splendid suns, Aurangzeb The, Men and the Myth, The Mughal Nobility under Aurangzeb, History of Aurangzeb Five volumes, The Anarchy, India, China Relation, Cyber War and Terrorism, Modern Non, lethal Weapon, China History Land and Resources, population and Ethinicity Administrative Division and Cities, Chinese Culture, Goosebumps Welcome to Dead House, The Ghost Train Mystery, Ride for your life, The Kid who, came from Space, The Centerville Ghost, The Sheena Bora, Case, The 5 AM Club, The Good a, the bad and the, Ridiculous Profiles, Queen of the earth, An Indian spy in, Pakistan, Khaki files Inside stories of police missions, Insatiable, How the sea become salty, Wise and otherwise, How prime ministers Decide, Indra noori A Biography, Madam sir The story of Bihars first lady IPS officer, No more, a civil servant, The Girl who escaped ISIS Faridas Story, Kitne Ghazi Aaye, Kine Ghazi Gaye, Escape from Auschwitz, Journey to Peace The stable south asia, The writing on the, wall Indias checkmates America 2017, Upkars learn to write, correct English, Rapidex Computer Course, Military Law, Beyond Religion Ethics for the Whole World, The Art of, Living A Guide to Contentment, Joy and fulfilment, The Future is Now, Getting India Back on Track, One Life is, Not Enough, One Indian Girl, Mrs Funnybones, Lone Fox, Dancing Autobiography, The Upside Down King, Answer, Book 10001 Fast Facts about Our World, Harry Potter Box, set of 07 Vols, Tin Tin Boxed Set of 33 Titles, The Complete, Asterix Box set 39 Titles",indian army,"GEM/2023/B/4265392, GEM/2023/R/280398",madhya pradesh,AOC,22-12-2023,M/S KUBE HEALTHCARE AND MEDICAL SERVICES,87718,86987
